{"train_loss": [3.9481236596852165, 3.3596782339760276, 1.5397984129505733, 0.7499012199936608, 0.4301082909204563, 0.3038869747409353, 0.2608658228964212, 0.21194731035856712, 0.1986609310065421, 0.18548298025010493, 0.159781901195964, 0.17295691650370446, 0.15095709938551669, 0.1425569669641818, 0.14165138806650063], "val_loss": [3.925853543704556, 2.4433495527313602, 1.3317842114596599, 0.9044280732951818, 0.8607590061672512, 0.8937088499867147, 0.8121836927828319, 0.928806831159642, 0.9150222077115623, 0.8466732526759452, 0.833963895974164, 0.9436564155276139, 1.0346663365053246, 1.077945349030723, 1.045065955654316], "train_acc": [0.01779527559055118, 0.10488188976377953, 0.5436220472440945, 0.778267716535433, 0.8716535433070867, 0.9077165354330708, 0.925511811023622, 0.9390551181102362, 0.9458267716535433, 0.951496062992126, 0.961259842519685, 0.9604724409448819, 0.9631496062992126, 0.9651968503937007, 0.9670866141732284], "val_acc": [0.02217741935483871, 0.28830645161290325, 0.6088709677419355, 0.7459677419354839, 0.7651209677419355, 0.780241935483871, 0.811491935483871, 0.8104838709677419, 0.8235887096774194, 0.8235887096774194, 0.8508064516129032, 0.8306451612903226, 0.8326612903225806, 0.8205645161290323, 0.8366935483870968], "top3_acc": [0.06350806451612903, 0.5725806451612904, 0.8608870967741935, 0.9223790322580645, 0.9203629032258065, 0.9294354838709677, 0.9445564516129032, 0.9324596774193549, 0.9405241935483871, 0.936491935483871, 0.9304435483870968, 0.9415322580645161, 0.936491935483871, 0.9264112903225806, 0.9294354838709677], "top5_acc": [0.10383064516129033, 0.6925403225806451, 0.9274193548387096, 0.9485887096774194, 0.9516129032258065, 0.9495967741935484, 0.9727822580645161, 0.9657258064516129, 0.9637096774193549, 0.9586693548387096, 0.9516129032258065, 0.9596774193548387, 0.9475806451612904, 0.9455645161290323, 0.9516129032258065], "f1_macro": [0.003975154456148656, 0.255338140553028, 0.5968748509451722, 0.7441763953810262, 0.7625299056225262, 0.777696854906112, 0.8119114283391826, 0.8081107375314232, 0.8215227907799474, 0.8216432186917989, 0.8501933978192949, 0.8274088125396867, 0.8325290789539603, 0.8201002363504074, 0.8390667513144385], "f1_weighted": [0.003964617878046267, 0.25478931454876935, 0.5961671884135177, 0.7439504144344962, 0.7624814520559133, 0.7774404869685615, 0.8118547061189271, 0.8079966067704687, 0.8214703099836428, 0.8216115921041124, 0.8500898651696962, 0.8274895364018836, 0.8324859444317796, 0.8198668222702955, 0.8389543569032007]}